Country Name,Country Code,Indicator Name,Indicator Code,1999,2000,2001,2002,2003,2004,2005,2006,2007,2008,2009,2010,2011,2012,2013,2014,2015,2016,2017,2018,2019,2020,2021,2022,2023
Aruba,ABW,Agricultural raw materials imports (% of merchandise imports),TM.VAL.AGRI.ZS.UN,,2.94462765,2.513891517,2.516781672,2.677284167,2.773688286,0.378770414,2.821705809,2.645377463,2.540628588,0.655209723,0.830182228,0.827502401,0.256387543,0.30368686,0.398227879,0.496427303,0.33555021,0.297791805,0.3114233,0.350669613,0.339581716,0.353604049,0.338202415,
Afghanistan,AFG,Agricultural raw materials imports (% of merchandise imports),TM.VAL.AGRI.ZS.UN,,,,,,,,,,1.476686406,,,,,,,,,1.871025292,1.821348719,1.769459716,,,,
Angola,AGO,Agricultural raw materials imports (% of merchandise imports),TM.VAL.AGRI.ZS.UN,,,,,,,,,0.685799999,,0.68773852,0.653942162,0.639497491,0.668341918,0.538515551,0.889125894,0.689691256,0.5528876,1.061292278,0.998518704,0.956585294,0.957763927,0.933696838,0.890747322,
Albania,ALB,Agricultural raw materials imports (% of merchandise imports),TM.VAL.AGRI.ZS.UN,3.764101789,0.937486657,0.86458999,0.965784257,1.000180619,1.071021385,1.108976341,1.190219206,0.933264645,0.839775847,0.997295222,1.003346441,0.952701238,0.908226295,0.966432041,0.644994495,0.862938518,0.980008778,0.9041165,0.682219683,0.875030254,0.973133993,0.768459185,0.249995026,
Andorra,AND,Agricultural raw materials imports (% of merchandise imports),TM.VAL.AGRI.ZS.UN,0.559174146,0.484753534,0.459556402,0.410149897,0.41366399,0.400098915,,0.370718663,0.396528379,0.430968619,0.426937348,0.382965118,0.404773502,0.390370683,0.406498802,0.432995449,0.395745615,0.399784127,0.354954841,0.394279347,0.419884503,0.366607751,0.42445199,0.425063481,
United Arab Emirates,ARE,Agricultural raw materials imports (% of merchandise imports),TM.VAL.AGRI.ZS.UN,0.5898677,0.76224308,0.73142982,0.539355042,0.504155404,0.542847344,0.532457671,0.515499553,0.505569284,0.413460703,0.29094228,0.307017857,0.300134234,0.430918221,0.25111093,0.277148014,0.269038543,0.269756565,0.310259911,0.498151882,0.431915823,0.457566225,0.421074242,0.432970386,
Argentina,ARG,Agricultural raw materials imports (% of merchandise imports),TM.VAL.AGRI.ZS.UN,1.505998698,1.487772691,1.514687377,2.408418734,2.492596522,1.795036083,1.509072561,1.482690713,1.275760137,1.089470727,1.20286603,1.116271176,1.070346018,1.104394712,0.936071192,0.965200436,0.999527343,0.929774289,0.880018001,0.891536699,1.045669656,1.07712906,0.959465123,0.863496915,
Armenia,ARM,Agricultural raw materials imports (% of merchandise imports),TM.VAL.AGRI.ZS.UN,1.246073958,0.932047573,1.042167073,1.099039831,0.990767688,0.951037802,0.806137601,0.812293662,0.79426194,1.626637913,1.08122683,0.905665793,1.110951849,1.189197063,1.089693815,1.514211805,1.884845259,1.900890249,1.13361517,0.995810529,1.325976215,1.050813073,1.08160398,0.880258404,
American Samoa,ASM,Agricultural raw materials imports (% of merchandise imports),TM.VAL.AGRI.ZS.UN,,,,,,,,,,,,,,,,,,,,,,,,,
Antigua and Barbuda,ATG,Agricultural raw materials imports (% of merchandise imports),TM.VAL.AGRI.ZS.UN,2.740657417,2.419439233,,,,,1.71110357,1.795393828,2.39306645,,1.154538155,1.168453979,1.213647581,1.860064793,1.684282054,1.353170005,1.89353395,1.759551018,1.544598264,2.282097081,1.955589867,2.264414563,3.039057788,3.234170031,
Australia,AUS,Agricultural raw materials imports (% of merchandise imports),TM.VAL.AGRI.ZS.UN,1.202779176,1.386924101,1.103354925,1.146389313,1.132577119,1.040565528,0.934374188,0.850848055,0.856315166,0.786748968,0.707662369,0.69884989,0.638382936,0.586276992,0.608527078,0.688624424,0.71799403,0.704552987,0.68429229,0.759288447,0.662157824,0.674130683,0.711464364,0.745139094,
Austria,AUT,Agricultural raw materials imports (% of merchandise imports),TM.VAL.AGRI.ZS.UN,2.718781161,2.636799448,2.364686443,2.444363743,2.372152023,2.219346458,2.187777211,2.286408922,2.240184028,2.074947785,2.191877087,2.3256172,2.243844245,2.152732317,2.237316001,2.208718201,2.239813579,2.18202318,1.93979869,1.951806355,1.814925773,1.845595569,1.958435041,1.760875626,
Azerbaijan,AZE,Agricultural raw materials imports (% of merchandise imports),TM.VAL.AGRI.ZS.UN,1.732222639,1.663156869,1.428352788,1.158151861,0.9513925,0.852554992,1.021420553,0.989562145,1.034319974,0.877630458,1.008350187,1.696798719,2.003149771,1.98749916,2.140625804,0.620241358,1.50115953,1.455873122,1.697924988,1.71808113,1.442730793,1.658074085,1.65624551,1.692640012,
Burundi,BDI,Agricultural raw materials imports (% of merchandise imports),TM.VAL.AGRI.ZS.UN,2.224645495,2.403808101,2.53190324,2.455719136,1.306799972,1.144199573,1.354335466,1.047228805,0.901299335,1.585898363,1.364577739,1.442913207,0.747018069,0.943121212,1.023010196,0.698907413,1.320525778,1.727861979,1.811834957,1.714868957,1.748389541,1.616171373,1.615461308,2.140115074,
Belgium,BEL,Agricultural raw materials imports (% of merchandise imports),TM.VAL.AGRI.ZS.UN,1.736709534,1.880225136,1.630566096,1.421598454,1.335539976,1.284878157,1.190841387,1.224147652,1.331055347,1.176693753,1.263509612,1.257628434,1.190624288,1.206602393,1.220107203,1.193184751,1.244283342,1.183522207,1.135014973,1.082291033,1.048459729,1.094044865,1.084938539,0.970226389,
Benin,BEN,Agricultural raw materials imports (% of merchandise imports),TM.VAL.AGRI.ZS.UN,6.527887269,5.341530463,5.075621646,5.290091635,3.980121195,3.6647764,4.223390456,4.592419489,3.509660024,3.555234846,3.521152693,2.637300574,2.620918556,2.91450501,2.464227741,1.933630214,2.509697109,1.119036202,0.801161433,0.994925305,1.143113792,1.164833053,1.279394158,1.40631727,
Burkina Faso,BFA,Agricultural raw materials imports (% of merchandise imports),TM.VAL.AGRI.ZS.UN,0.647464452,0.614683033,0.627917273,0.699339117,0.691059455,0.679473918,0.644397259,,0.738903571,0.64019943,0.571549725,0.675741552,0.580322936,0.493221126,0.442726416,0.48514485,0.442740466,0.518677726,0.497377054,0.455925222,0.479741362,0.476140364,0.503186114,0.351210535,
Bangladesh,BGD,Agricultural raw materials imports (% of merchandise imports),TM.VAL.AGRI.ZS.UN,,6.06528061,6.44575507,5.648043433,7.464855209,8.469707122,7.346708769,7.010495122,7.830695236,7.351799472,6.480203207,8.111120771,7.305614384,7.589858824,7.781248195,,6.41256931,,,,,,,,
Bulgaria,BGR,Agricultural raw materials imports (% of merchandise imports),TM.VAL.AGRI.ZS.UN,1.406420792,1.349259405,1.347829054,1.317504179,1.569638176,1.402232616,1.35240727,1.195795403,1.106019163,1.020747511,0.984491086,1.066127394,1.124058826,1.026161766,1.067980742,1.11062655,1.10040591,1.267616139,1.260479463,1.274785454,1.256292841,1.116436138,0.955659957,0.942642038,
Bahrain,BHR,Agricultural raw materials imports (% of merchandise imports),TM.VAL.AGRI.ZS.UN,,0.822957457,0.939117911,0.863220819,0.853373549,0.70598805,0.500584275,0.432647747,0.456584154,0.455587766,0.500220404,0.506168168,0.558526594,0.870051239,0.478014407,1.034670462,0.743965617,0.835064072,0.69392142,0.634823577,0.546410158,0.570690621,0.772825595,0.760778349,
"Bahamas, The",BHS,Agricultural raw materials imports (% of merchandise imports),TM.VAL.AGRI.ZS.UN,2.392135176,2.701913241,2.103998071,2.041656463,1.978689686,2.375406555,2.342891753,2.398841201,2.297516868,1.775390321,1.856652013,1.802760055,1.285884961,1.341812545,1.467734476,1.460671102,1.630885213,2.014269244,2.021271232,1.801444071,1.830180665,1.783046143,,1.896915242,
Bosnia and Herzegovina,BIH,Agricultural raw materials imports (% of merchandise imports),TM.VAL.AGRI.ZS.UN,,,,,0.600510511,1.046501957,1.237858673,1.404031097,1.21204433,1.270464193,1.187867112,1.564286906,1.534443941,1.620030159,1.532241804,1.554115994,1.501596577,1.542723287,1.106038801,1.152287957,1.184292081,1.214315626,1.177180479,1.326276986,
Belarus,BLR,Agricultural raw materials imports (% of merchandise imports),TM.VAL.AGRI.ZS.UN,2.681168191,2.30224723,2.313067044,2.256484856,2.149963458,1.832582108,1.681103786,1.522217629,1.380579746,1.321278716,1.189241468,1.487587428,1.548840904,1.473659285,1.293426541,1.068365407,0.976995752,1.376444432,1.797988913,1.964411556,2.131036921,2.309308403,1.289808391,,
Belize,BLZ,Agricultural raw materials imports (% of merchandise imports),TM.VAL.AGRI.ZS.UN,4.296472487,0.597616563,0.800365226,0.495724724,0.428719202,0.438243116,0.799304472,0.668288077,0.756360753,0.597779344,0.745352692,0.831170348,1.034032127,0.725027957,0.926290249,1.34394712,1.288976913,1.673732914,1.856837098,1.550244652,1.777533805,1.309860961,1.620567852,1.587695735,
Bermuda,BMU,Agricultural raw materials imports (% of merchandise imports),TM.VAL.AGRI.ZS.UN,,,,,,,0.929468757,0.998287854,0.965377649,0.910139022,0.7542247,0.627645028,0.613005425,0.618048016,0.628763768,0.640844408,0.705165507,0.722676906,0.612947737,0.651455072,0.538242548,0.661855977,0.728171105,0.690865404,
Bolivia,BOL,Agricultural raw materials imports (% of merchandise imports),TM.VAL.AGRI.ZS.UN,1.068994891,1.610332259,1.592842721,1.086027961,1.480155181,1.771345654,1.433129616,1.326676743,1.110300782,0.869935828,0.701526893,0.692193999,0.641953008,0.536636781,0.512998872,0.496700229,0.528046374,0.608768094,0.604751635,0.646318892,0.70050425,0.800482115,0.807657794,0.734999924,
Brazil,BRA,Agricultural raw materials imports (% of merchandise imports),TM.VAL.AGRI.ZS.UN,2.0227559,1.968708756,1.351874483,1.495778655,1.749924482,1.754823384,1.538393923,1.523372652,1.391800316,1.21482879,1.158041913,1.300774692,1.456246511,1.099877758,1.023529277,1.00193908,1.05647427,1.2503164,1.208021381,1.08102408,1.036156461,1.055669918,1.046855864,0.920762602,
Barbados,BRB,Agricultural raw materials imports (% of merchandise imports),TM.VAL.AGRI.ZS.UN,2.71455874,2.312531392,2.276786167,2.591549931,1.944285012,2.250239936,1.885150079,2.043707641,2.64464813,1.747431802,1.954251016,1.781553447,1.260845731,1.097742537,1.126891635,1.124396532,1.078002893,1.141192445,1.12061372,1.008382047,1.016900497,1.164583707,1.302784409,1.201693461,
Brunei Darussalam,BRN,Agricultural raw materials imports (% of merchandise imports),TM.VAL.AGRI.ZS.UN,,,0.260159581,0.18117975,0.343419954,0.218964997,,0.179286338,0.148496308,0.156119208,0.162522089,0.168432517,0.281674795,0.158367749,0.204112457,0.180593391,0.172246263,0.164749275,0.157413443,0.144309974,0.092661297,0.074464883,0.060886066,0.067648673,
Bhutan,BTN,Agricultural raw materials imports (% of merchandise imports),TM.VAL.AGRI.ZS.UN,1.291421064,,,,,,0.582818935,0.62250892,1.20651977,2.199070216,2.619463248,2.23790874,3.032556426,2.523902778,,,,,,,,,,,
Botswana,BWA,Agricultural raw materials imports (% of merchandise imports),TM.VAL.AGRI.ZS.UN,,0.852850054,0.825576928,0.812874083,0.805070114,0.771642257,0.884905584,0.751937576,0.854715791,0.836358427,0.886957786,1.017885824,0.681800527,0.682256601,0.513285488,0.470264255,0.519290917,0.670844794,0.930529987,0.833691749,0.797168892,0.718356184,0.805608511,0.749879316,
Central African Republic,CAF,Agricultural raw materials imports (% of merchandise imports),TM.VAL.AGRI.ZS.UN,2.923687242,4.298067991,4.104932364,4.00731176,5.44346682,32.43137717,27.36082895,42.30771019,1.539309114,2.51243673,2.269788514,2.090555165,2.120652843,2.011323208,1.59385551,0.819073903,0.710378011,0.459415512,1.113133382,0.967012785,0.837030125,0.743465582,1.183118422,0.783871305,
Canada,CAN,Agricultural raw materials imports (% of merchandise imports),TM.VAL.AGRI.ZS.UN,1.317544503,1.364591871,1.34065618,1.367116768,1.36331631,1.325312106,1.236661499,1.123284967,1.075526888,1.007355701,0.990948173,1.026963254,1.024348264,0.985217058,0.95858739,0.976408105,0.959155846,0.921041252,0.850565137,0.843182146,0.818097253,0.791460456,0.870377162,0.797469827,
Switzerland,CHE,Agricultural raw materials imports (% of merchandise imports),TM.VAL.AGRI.ZS.UN,1.458352924,1.432503312,1.251665184,1.230393172,1.217937368,1.159343872,1.078899109,1.034746256,0.914375844,0.823585791,0.766178066,1.004005696,0.906863624,0.586506226,0.55277192,0.643307837,0.606158381,0.562893981,0.571638902,0.575017764,0.549510082,0.518198866,0.57194247,0.498192559,
Chile,CHL,Agricultural raw materials imports (% of merchandise imports),TM.VAL.AGRI.ZS.UN,1.171650125,1.162738725,1.164885141,1.154387017,1.060437962,1.123745435,0.982921918,0.555239041,0.796359847,0.639667141,0.670330685,0.681205176,0.637639008,0.603973188,0.625478886,0.671920287,0.747803926,0.691049474,0.695953262,0.690140286,0.730485686,0.722555604,0.698865336,0.692041792,
China,CHN,Agricultural raw materials imports (% of merchandise imports),TM.VAL.AGRI.ZS.UN,4.30121214,4.807932,4.573939053,4.256452563,3.994186601,4.042120869,3.901436314,3.994171991,3.780121778,3.58024045,3.408755653,3.774567841,4.270062089,3.945864339,3.724887486,3.570637065,3.704337804,3.779337405,3.938644601,3.576491296,3.156515253,2.878022239,2.658028096,2.688769587,
Cote d'Ivoire,CIV,Agricultural raw materials imports (% of merchandise imports),TM.VAL.AGRI.ZS.UN,0.87824668,1.057825167,0.8952876,1.030111627,0.57638558,0.478966548,0.457916545,0.55607302,0.576714307,0.640260268,0.769777726,0.860116418,0.856716691,0.6931888,0.53324123,0.533886277,0.509914078,0.592362499,0.582782723,0.608491602,0.680071492,0.62520882,0.652556296,0.463552833,
Cameroon,CMR,Agricultural raw materials imports (% of merchandise imports),TM.VAL.AGRI.ZS.UN,2.070513748,1.56005814,1.142588393,1.172098487,1.639042487,1.651978637,0.258630742,1.667365339,2.043513979,1.940833898,2.211337562,1.574804731,1.923257512,1.447838544,1.476761027,1.348753177,1.527854005,1.778351439,1.695539914,1.673193955,1.424206978,1.699909454,1.400324603,,
"Congo, Dem. Rep.",COD,Agricultural raw materials imports (% of merchandise imports),TM.VAL.AGRI.ZS.UN,,,,,,,,,,,,,,,,,1.509270587,1.892036961,1.90369144,1.546523382,1.438275849,1.319049611,1.531071007,1.07916696,
"Congo, Rep.",COG,Agricultural raw materials imports (% of merchandise imports),TM.VAL.AGRI.ZS.UN,,,,,,,,,0.425200424,0.564861371,0.553678205,0.394481701,0.260222978,0.352112468,0.281745172,0.25761047,0.229806311,0.184503741,0.504807319,0.61999916,1.150280789,1.405989338,1.3783104,,
Colombia,COL,Agricultural raw materials imports (% of merchandise imports),TM.VAL.AGRI.ZS.UN,2.257805647,2.818284521,2.242034539,2.294246539,2.481661556,1.982132646,1.65996232,1.671365974,1.390471471,1.315003214,1.237647961,1.363481377,1.221946588,0.920461282,0.865409177,0.822955497,0.840691198,0.931429538,0.951666087,0.962266913,0.864905508,0.876571397,0.941352251,0.974998166,
Comoros,COM,Agricultural raw materials imports (% of merchandise imports),TM.VAL.AGRI.ZS.UN,0.411523262,0.860387725,0.753060576,0.94803743,0.836965439,0.749507145,0.336865595,0.306039184,0.239493515,0.539545454,0.705956637,1.024003832,0.659371595,0.515195674,0.794259651,0.670047482,0.565015142,1.042297875,0.651983589,0.86289178,0.934337203,0.879510071,0.729063767,,
Cabo Verde,CPV,Agricultural raw materials imports (% of merchandise imports),TM.VAL.AGRI.ZS.UN,2.464264043,2.153645728,2.453800341,2.153305232,2.503973674,1.862640297,1.806920315,1.410603754,1.43500025,1.687605026,1.271426644,1.30907852,1.014651352,1.083292451,1.194427692,1.360458284,1.662536861,2.124923236,1.457537588,1.754834225,1.711152585,0.866575864,2.216943546,1.543366983,
Costa Rica,CRI,Agricultural raw materials imports (% of merchandise imports),TM.VAL.AGRI.ZS.UN,0.766468681,0.802023949,0.837236718,0.7229867,0.878776481,1.021950946,1.065840094,0.958485445,1.042469095,1.142442714,0.744767749,1.115335183,1.100755447,1.004316466,0.916292989,0.954421859,1.051955371,1.121872768,1.128906475,1.123719771,1.028001058,1.050204069,1.135196609,1.156811118,
Cuba,CUB,Agricultural raw materials imports (% of merchandise imports),TM.VAL.AGRI.ZS.UN,1.282823346,1.263330973,1.079888846,0.929443856,0.769077995,0.91473875,0.721604014,0.497837174,,,,,,,,,,0.570915086,0.401191125,0.317955791,,,,,
Curacao,CUW,Agricultural raw materials imports (% of merchandise imports),TM.VAL.AGRI.ZS.UN,,,,,,,,,,,,,,,,,,,,,,,,,
Cayman Islands,CYM,Agricultural raw materials imports (% of merchandise imports),TM.VAL.AGRI.ZS.UN,,,,,,,,,,,,,,,0.703833432,,0.918049241,,,,,1.026124832,0.997504248,,
Cyprus,CYP,Agricultural raw materials imports (% of merchandise imports),TM.VAL.AGRI.ZS.UN,1.220826544,0.969621274,1.021685613,1.039692172,1.270701207,1.181892789,1.102509407,1.014781634,1.241182385,0.949676195,0.858887561,0.778093953,0.737191097,0.741946243,0.750501409,0.633147684,0.5517029,0.609472845,0.496811292,0.465179682,0.578307936,0.53817729,0.565996068,0.570036149,
Czechia,CZE,Agricultural raw materials imports (% of merchandise imports),TM.VAL.AGRI.ZS.UN,2.057185843,2.072817489,1.876807825,1.998157015,1.782336301,1.576506183,1.531046504,1.379931689,1.316790735,1.284464842,1.252818708,1.369771043,1.514566989,1.50209098,1.460876104,1.360321222,1.280310373,1.242632359,1.182366658,1.152979559,1.065541167,0.940152271,1.031399731,1.028396095,
Germany,DEU,Agricultural raw materials imports (% of merchandise imports),TM.VAL.AGRI.ZS.UN,1.885652658,1.73774086,1.724738968,1.739444597,1.576579515,1.473544348,1.503115227,1.411976241,1.385815324,1.424505026,1.421397229,1.655351367,1.682250038,1.55951708,1.536587515,1.470079769,1.432821,1.429705919,1.359113848,1.304450321,1.212734104,1.160600826,1.274992141,1.158877042,
Djibouti,DJI,Agricultural raw materials imports (% of merchandise imports),TM.VAL.AGRI.ZS.UN,,,,,,,,,,,0.647726771,,,,,,,,,,,,,,
Dominica,DMA,Agricultural raw materials imports (% of merchandise imports),TM.VAL.AGRI.ZS.UN,1.966594172,2.17434936,1.838582595,1.671456384,1.518479204,1.832705312,1.3418119,2.023174023,1.912316593,1.804288385,1.55760121,2.665944734,,1.979210961,1.618782408,,,1.662666302,2.023001499,3.409020142,1.974412232,0.788714203,0.942286005,,
Denmark,DNK,Agricultural raw materials imports (% of merchandise imports),TM.VAL.AGRI.ZS.UN,2.82310216,2.666669812,2.634783023,2.560277858,2.753165854,2.480515746,2.260968039,2.318132336,2.332384587,1.950007533,2.127855518,2.392023774,2.478558023,2.295377052,2.555204444,2.713145228,2.826453255,2.616596022,2.607325823,2.6133823,2.477894269,2.424489953,2.42260779,2.097490918,
Dominican Republic,DOM,Agricultural raw materials imports (% of merchandise imports),TM.VAL.AGRI.ZS.UN,,,1.979371811,2.325073289,2.210822814,2.073392611,2.156455705,2.250752181,1.437432562,1.190148359,1.131799768,1.090200589,0.982060985,0.934983351,1.157457839,1.79251801,1.379728538,1.21988096,1.469783765,1.32492551,1.178306709,1.353082785,1.443554844,1.268105549,
Algeria,DZA,Agricultural raw materials imports (% of merchandise imports),TM.VAL.AGRI.ZS.UN,2.589094964,2.594218418,2.357637393,2.115771112,2.412313926,1.909949157,1.697917904,2.080846494,2.279388781,1.623399055,1.478355499,1.626765803,1.538686354,1.501983324,1.461473571,1.582524728,1.45755905,1.421907662,1.064179386,,,,,,
Ecuador,ECU,Agricultural raw materials imports (% of merchandise imports),TM.VAL.AGRI.ZS.UN,3.243229361,3.279349395,2.169668506,1.455033307,1.502130368,1.442762336,1.33302865,1.064849046,1.06262198,1.015342604,1.040001189,1.029939539,1.166729843,0.968938494,0.854259791,0.856980771,0.885487982,0.962848701,0.975612221,0.889102824,0.815667414,0.876570834,0.824049276,0.844170832,
"Egypt, Arab Rep.",EGY,Agricultural raw materials imports (% of merchandise imports),TM.VAL.AGRI.ZS.UN,4.387655208,4.835680282,4.534447621,4.403919188,4.558392262,5.172801606,4.096421889,3.857044773,3.715231942,3.217917419,3.333123518,3.216629801,2.99470037,2.854400364,2.87354646,3.273880865,2.822802066,2.583758813,2.877173001,2.655419644,2.524749499,2.624118439,2.426372485,2.48289042,
Eritrea,ERI,Agricultural raw materials imports (% of merchandise imports),TM.VAL.AGRI.ZS.UN,,1.228444399,0.529473877,1.505873853,0.91407205,,,,,,,,,,,,,,,,,,,,
Spain,ESP,Agricultural raw materials imports (% of merchandise imports),TM.VAL.AGRI.ZS.UN,1.980313212,1.961033134,1.821843885,1.723920402,1.623064202,1.454209801,1.364677018,1.345435279,1.345493544,1.209287507,1.159729024,1.345161009,1.451573328,1.301798016,1.319241997,1.182242737,1.21900525,1.227896818,1.160429471,1.090175667,1.057830199,1.06546157,1.134608332,1.079171444,
Estonia,EST,Agricultural raw materials imports (% of merchandise imports),TM.VAL.AGRI.ZS.UN,2.920566621,3.266174236,3.05978006,2.903738953,3.075334171,3.296928674,3.177230666,2.530526739,2.926118116,2.039950437,2.055873945,2.252934835,1.957324479,1.854043711,2.229285284,2.321085166,2.501521024,2.613727128,2.680952022,2.748234337,2.783038204,3.132026295,3.976960704,3.11377332,
Ethiopia,ETH,Agricultural raw materials imports (% of merchandise imports),TM.VAL.AGRI.ZS.UN,1.239160655,1.248458715,1.020356449,0.899317632,0.816368783,0.901746185,0.933224171,1.700002505,0.887686875,0.855561619,0.513256314,0.490571156,0.554046034,0.548538856,0.592047947,0.566211694,0.541116014,0.409936552,0.590425868,0.481758527,0.610349751,0.502198033,0.413326568,0.455254806,
Finland,FIN,Agricultural raw materials imports (% of merchandise imports),TM.VAL.AGRI.ZS.UN,2.653354438,2.389258919,2.787576476,2.886875982,2.843898141,2.830491199,2.91816244,2.61395392,2.9518684,3.074918582,2.098047278,2.492712243,2.408395818,2.327394142,2.545161613,2.430182413,2.203935737,2.062856999,1.865281668,2.19600198,1.961501421,1.929993517,1.835751905,1.580981643,
Fiji,FJI,Agricultural raw materials imports (% of merchandise imports),TM.VAL.AGRI.ZS.UN,,0.625759913,0.471185339,0.35704887,0.339748937,0.377654796,0.377377962,0.348483774,0.30424133,0.281800852,0.336626655,0.284099041,0.245387997,0.336284159,0.463966093,0.507945234,0.432773215,1.079576234,0.495339406,0.432189401,0.320326744,0.437019719,0.442595084,0.317887979,
France,FRA,Agricultural raw materials imports (% of merchandise imports),TM.VAL.AGRI.ZS.UN,1.856468965,1.913763297,1.712108049,1.686276258,1.680705646,1.565047675,1.467284317,1.374937219,1.413894728,1.304068972,1.267208921,1.388925682,1.329479048,1.197738936,1.200159107,1.17447296,1.184460602,1.160155499,1.133737785,1.157872858,1.086471597,1.139207076,1.197951696,1.09471478,
Faroe Islands,FRO,Agricultural raw materials imports (% of merchandise imports),TM.VAL.AGRI.ZS.UN,2.411112496,1.87866983,2.754444682,2.611857591,2.505035901,3.186501699,2.286571722,3.056762602,2.283164372,1.868001545,3.07396142,,,,,,,,,,,,,,
"Micronesia, Fed. Sts.",FSM,Agricultural raw materials imports (% of merchandise imports),TM.VAL.AGRI.ZS.UN,,,,,1.952961776,2.129903928,1.295122735,1.485569465,1.34282396,1.192630676,1.191727133,1.139450202,1.048898772,1.412001955,1.235357826,,,,,,,,,,
Gabon,GAB,Agricultural raw materials imports (% of merchandise imports),TM.VAL.AGRI.ZS.UN,0.591385435,0.536162478,0.619483854,0.562083239,0.405775253,0.645130511,0.146608462,0.390125698,0.631824008,0.438840745,0.431191042,0.378848627,0.294336533,0.219359888,0.220823267,0.114685237,0.195799494,0.222861297,0.217649614,0.217281411,0.207232293,0.216115877,0.295311365,,
United Kingdom,GBR,Agricultural raw materials imports (% of merchandise imports),TM.VAL.AGRI.ZS.UN,1.678239651,1.53382618,1.458713976,1.535673353,1.51839271,1.442434977,1.385847236,1.257539067,1.323323954,1.117538808,0.841235286,1.148779391,1.098764218,0.970535996,1.151674498,1.248986411,1.263144397,1.16947697,1.186194255,1.280737834,1.15669273,1.245854066,1.486952794,1.185798175,
Georgia,GEO,Agricultural raw materials imports (% of merchandise imports),TM.VAL.AGRI.ZS.UN,0.742594085,0.672131917,0.913488702,0.897131182,0.396789534,0.468178749,0.368074333,0.477293451,0.59581221,0.528630348,0.636195626,0.709161987,0.822837314,0.823902149,0.660935484,0.743585825,0.895062303,0.761409862,0.7789498,0.823154203,0.782414436,0.803447411,0.820360586,0.760010351,
Ghana,GHA,Agricultural raw materials imports (% of merchandise imports),TM.VAL.AGRI.ZS.UN,2.676800129,2.382301879,1.912724379,1.826355211,1.652239667,1.310006509,1.099588246,1.207380967,1.079093276,1.047885526,1.341957154,1.099226088,0.996450212,1.097250452,0.835428843,0.623308925,0.723638583,1.105278662,0.928617438,1.170348968,3.611772825,,,,
Gibraltar,GIB,Agricultural raw materials imports (% of merchandise imports),TM.VAL.AGRI.ZS.UN,,,,,,,,,,,,,,,,,,,,,,,,,
Guinea,GIN,Agricultural raw materials imports (% of merchandise imports),TM.VAL.AGRI.ZS.UN,1.668052201,1.188929191,1.109374131,1.237589891,,0.819226753,0.358021136,0.409044369,0.395323194,0.373654324,,,,,0.398493773,0.408058883,1.598605348,0.380159248,,,,,,,
"Gambia, The",GMB,Agricultural raw materials imports (% of merchandise imports),TM.VAL.AGRI.ZS.UN,0.79218839,0.698166854,1.618229706,2.32362447,2.248850956,1.940121894,1.437271722,2.173384582,1.980146292,2.262338099,1.380140478,1.662517642,0.759609355,1.130075255,0.844851173,1.048142775,0.982449342,1.029906554,0.592311384,0.579209406,0.70670197,0.486829993,0.540145646,,
Guinea-Bissau,GNB,Agricultural raw materials imports (% of merchandise imports),TM.VAL.AGRI.ZS.UN,,,,,0.355182307,0.249258553,0.605912294,,,,,,,,,0.611368635,0.746316392,0.932558341,0.949945764,1.223330176,,,,,
Equatorial Guinea,GNQ,Agricultural raw materials imports (% of merchandise imports),TM.VAL.AGRI.ZS.UN,,,,,,,,,,,,,,,,,,,,,,,,,
Greece,GRC,Agricultural raw materials imports (% of merchandise imports),TM.VAL.AGRI.ZS.UN,1.612389723,1.520906849,1.467775958,1.638246475,1.329093638,1.288637436,1.243886135,1.191974977,1.213397606,1.061258113,0.967858017,1.054822554,1.110822107,1.095547505,1.156512933,1.072676217,1.05536954,1.035272298,0.990267562,0.86415526,0.85692815,0.811687179,0.765080255,0.738960822,
Grenada,GRD,Agricultural raw materials imports (% of merchandise imports),TM.VAL.AGRI.ZS.UN,2.41569437,2.208086296,1.993289497,2.397741003,2.276949312,2.638230661,6.154601507,3.251581395,2.170374442,2.24923989,1.753223312,1.944700231,1.426125471,1.671413166,1.558129822,1.719917358,1.646805576,1.802657007,1.972267283,1.862122764,1.624295647,1.802632632,2.435453867,2.090390209,
Greenland,GRL,Agricultural raw materials imports (% of merchandise imports),TM.VAL.AGRI.ZS.UN,1.252501435,0.835839779,0.943803753,1.186742915,1.704320199,1.749240363,1.231404572,0.714721558,0.896752658,0.796080813,0.750507824,0.659784868,0.613750028,0.800568056,0.594425767,0.550625441,0.564235078,0.560711889,0.571348755,0.474158485,,,,,
Guatemala,GTM,Agricultural raw materials imports (% of merchandise imports),TM.VAL.AGRI.ZS.UN,1.377567872,1.571724926,1.255050891,1.304716382,1.237710286,1.18351026,1.20690401,0.969522419,1.167951256,1.178549521,1.223265102,1.320781179,1.434980648,1.438689357,1.322107501,1.248762317,1.412643137,1.51431891,1.500223194,1.646442083,1.694990134,1.623311026,1.615179876,1.849139322,
Guam,GUM,Agricultural raw materials imports (% of merchandise imports),TM.VAL.AGRI.ZS.UN,,,,,,,,,,,,,,,,,,,,,,,,,
Guyana,GUY,Agricultural raw materials imports (% of merchandise imports),TM.VAL.AGRI.ZS.UN,0.625614633,0.544981801,0.278020555,0.542647639,0.438158686,0.297732103,0.53479339,0.230192407,0.367088467,0.330656016,0.489638568,0.491168032,0.386895418,0.407935444,0.405536204,0.386067074,0.480732329,0.398465255,0.513393714,0.325350568,0.176188086,0.160955726,0.126209941,0.198190368,
"Hong Kong SAR, China",HKG,Agricultural raw materials imports (% of merchandise imports),TM.VAL.AGRI.ZS.UN,1.318003216,1.197129007,1.14312167,1.094787321,1.030562702,0.894553871,0.754449871,0.725841753,0.604606668,0.60599653,0.541929916,0.591188705,0.573849647,0.526788557,0.55587082,0.396092494,0.396706375,0.218939316,0.161242222,0.133320464,0.119412664,0.090455184,0.083740544,0.087599724,
Honduras,HND,Agricultural raw materials imports (% of merchandise imports),TM.VAL.AGRI.ZS.UN,0.644040174,0.840410431,0.86516867,0.948748977,0.860091795,0.74582715,0.7653412,0.958345197,0.886464292,,1.325726657,1.094642967,1.004734179,0.968577063,,0.963286485,1.051634135,1.296070552,1.412328804,1.24190784,1.319417851,1.324466927,1.429302212,,
Croatia,HRV,Agricultural raw materials imports (% of merchandise imports),TM.VAL.AGRI.ZS.UN,1.386359751,1.573632412,1.540672408,1.58140531,1.517095847,1.420923547,1.302925943,1.153384539,1.110411966,0.987869548,1.066853103,1.116457,1.130296499,0.962032522,0.953820145,1.145005347,1.219304189,1.242626129,1.207026679,1.224401266,1.184275815,1.122839007,1.174766224,1.003740924,
Haiti,HTI,Agricultural raw materials imports (% of merchandise imports),TM.VAL.AGRI.ZS.UN,,,,,,,,,,,,,,,,,,,,,,,,,
Hungary,HUN,Agricultural raw materials imports (% of merchandise imports),TM.VAL.AGRI.ZS.UN,1.455561662,1.463325969,1.236560445,1.277798227,1.286311256,1.226828466,1.055771306,0.894165126,0.8358655,0.812730839,0.774489555,1.004715717,1.290819807,1.33077194,1.209268326,1.169693839,1.15413429,1.190968826,1.201935892,1.129251297,1.149590574,1.038876074,1.163306893,1.10454618,
Indonesia,IDN,Agricultural raw materials imports (% of merchandise imports),TM.VAL.AGRI.ZS.UN,7.107304631,7.179368297,7.474370548,5.804028029,5.311854054,4.552007496,3.453543994,3.414269801,3.512260929,3.039882138,2.800852019,3.07949085,3.203977513,2.646478469,2.741361304,2.914885762,2.897060558,3.097108927,3.156260563,2.88939241,2.743537754,2.505370253,2.645861544,2.374136134,
Isle of Man,IMN,Agricultural raw materials imports (% of merchandise imports),TM.VAL.AGRI.ZS.UN,,,,,,,,,,,,,,,,,,,,,,,,,
India,IND,Agricultural raw materials imports (% of merchandise imports),TM.VAL.AGRI.ZS.UN,3.154928184,3.230103023,3.645494412,3.105814797,3.044582797,2.583287729,1.971878817,1.6596515,1.723346837,1.466544545,1.496091246,1.584634945,1.568859929,1.635142174,1.657867806,1.787651616,1.849704099,2.049439683,1.791047767,1.704443809,1.859421628,1.630999421,1.645537185,1.653797856,
Ireland,IRL,Agricultural raw materials imports (% of merchandise imports),TM.VAL.AGRI.ZS.UN,0.951569006,0.950210123,0.860149485,0.863331516,1.058211064,1.040110116,1.022665143,0.988936616,0.959955138,0.72845354,0.634689806,0.669130722,0.61772694,0.626253649,0.611924325,0.616262861,0.631165109,0.583995498,0.529226019,0.50334516,0.575922029,0.60111132,0.617038972,0.489295538,
"Iran, Islamic Rep.",IRN,Agricultural raw materials imports (% of merchandise imports),TM.VAL.AGRI.ZS.UN,2.800332354,2.626713864,2.281692765,1.741743562,2.044351499,2.190419311,1.920622603,0.640166184,,,,2.338581484,2.392805672,,3.021990879,2.381099296,2.595303205,2.698885241,2.674009057,3.090077206,3.457780819,3.485428615,2.742284244,,
Iraq,IRQ,Agricultural raw materials imports (% of merchandise imports),TM.VAL.AGRI.ZS.UN,,0.139795488,0.241494925,0.233686697,,,,,0.089901098,0.413121623,,,,,,0.136573662,,,,,,,,,
Iceland,ISL,Agricultural raw materials imports (% of merchandise imports),TM.VAL.AGRI.ZS.UN,1.072467397,1.315899974,1.424805474,1.512392883,1.808175033,1.584262953,1.338828948,1.170586362,1.423820832,1.198909551,0.883107761,1.250133712,1.056533205,0.975112803,1.100431365,0.965058468,1.243324229,0.990702304,0.972297018,0.995941189,0.978521392,1.132092199,1.157134104,1.231547004,
Israel,ISR,Agricultural raw materials imports (% of merchandise imports),TM.VAL.AGRI.ZS.UN,1.121073038,1.020420668,0.964684593,0.997963989,1.110089411,1.010539104,1.043620864,1.105870443,1.230045282,1.107408245,1.142195706,1.206398079,1.092269202,0.984885124,1.025195881,1.031749806,1.052832751,0.939985845,0.964448509,1.006490772,0.874132406,0.966968337,0.934066903,0.842069083,
Italy,ITA,Agricultural raw materials imports (% of merchandise imports),TM.VAL.AGRI.ZS.UN,3.944278512,4.034037214,3.651363328,3.416879781,3.15275774,2.825505981,2.639969409,2.529761033,2.465426061,2.158717272,2.043514287,2.241795349,2.333300425,2.168217377,2.364071202,2.371092626,2.325613647,2.231931897,1.942749369,1.978886565,1.862372292,1.727109401,1.768343421,1.787667877,
Jamaica,JAM,Agricultural raw materials imports (% of merchandise imports),TM.VAL.AGRI.ZS.UN,1.622981247,1.511303615,1.295082737,1.444678954,1.30212787,1.580765485,1.413790525,1.523329479,0.919977539,0.799951657,0.920126668,1.037714031,0.803449404,0.611345277,0.798602455,0.980996437,0.9975176,1.151225945,1.12706008,1.099667567,0.961878092,1.419960849,1.427786457,1.027937258,
Jordan,JOR,Agricultural raw materials imports (% of merchandise imports),TM.VAL.AGRI.ZS.UN,1.706734687,2.010677966,1.982246803,1.618683958,1.610466692,1.397889172,1.183200556,1.290614206,1.265958982,1.38505764,1.270842657,1.347966023,1.306871603,1.162396036,1.103933817,1.166017575,1.176101909,1.159143946,1.06068544,1.096173799,1.019731216,1.199535483,1.04404889,1.097196444,
Japan,JPN,Agricultural raw materials imports (% of merchandise imports),TM.VAL.AGRI.ZS.UN,4.125141806,3.583584874,3.266889569,3.062876886,2.938439096,2.788393234,2.386231688,2.322750028,2.18259548,1.89894885,1.840653863,1.938690481,1.978587367,1.678684422,1.709764136,1.603443392,1.812253474,1.82638082,1.718493225,1.631295679,1.641026974,1.512443554,1.56655189,1.564168922,
Kazakhstan,KAZ,Agricultural raw materials imports (% of merchandise imports),TM.VAL.AGRI.ZS.UN,0.789788743,0.173790503,0.910163399,0.701009347,0.918473037,0.72514731,0.86651143,0.864017758,0.858960501,0.623379747,0.656418324,0.612532344,0.65861186,0.623898323,0.554877662,0.49994288,0.541728632,0.615186159,0.630264553,0.643763649,0.496806728,0.454527461,0.550724323,0.496538588,
Kenya,KEN,Agricultural raw materials imports (% of merchandise imports),TM.VAL.AGRI.ZS.UN,2.593970485,2.451926325,2.0832847,2.037919963,2.07194812,2.14000115,1.748279023,1.878353828,1.89767672,1.316319192,1.365157726,1.553450978,,,1.34717582,,1.390381908,1.638021729,1.321012858,1.659220761,1.847656619,1.863248616,1.906205929,1.731292041,
Kyrgyz Republic,KGZ,Agricultural raw materials imports (% of merchandise imports),TM.VAL.AGRI.ZS.UN,0.620687404,1.825245514,1.942801427,1.988667725,1.687464698,1.648028117,1.745868338,1.211657797,1.501373833,1.10030547,1.357418512,1.188092319,1.327941934,1.450449025,1.54744456,1.561219209,0.922851737,1.905932212,0.50633032,0.486955519,0.79666097,0.816212659,0.650956921,0.397875645,
Cambodia,KHM,Agricultural raw materials imports (% of merchandise imports),TM.VAL.AGRI.ZS.UN,,3.338626015,2.537548449,2.519827817,2.529983312,2.397125612,2.195010154,1.877086306,1.731466227,1.351107246,1.799269481,1.580881099,1.253033709,1.067750334,0.784145182,0.731043779,1.914344599,2.060954119,2.662232804,2.393992466,1.92942979,1.594149242,2.117759704,1.40835125,
Kiribati,KIR,Agricultural raw materials imports (% of merchandise imports),TM.VAL.AGRI.ZS.UN,2.673912154,,,,,0.16905889,1.038851918,1.158546889,1.410492915,1.063963119,0.80145603,0.995279508,0.817956052,0.7765254,0.962107635,1.303311345,1.932395582,1.275342929,4.064291512,5.025941219,,1.65196669,2.298821387,,
St. Kitts and Nevis,KNA,Agricultural raw materials imports (% of merchandise imports),TM.VAL.AGRI.ZS.UN,2.191652725,2.538067394,1.983928287,2.666611521,2.364557603,1.890740581,1.533502513,1.839857552,1.849104507,1.684753644,2.083515967,1.90696761,1.904611869,1.483409113,2.154746038,1.950830184,1.751752549,1.659663955,1.923353489,,,,,,
"Korea, Rep.",KOR,Agricultural raw materials imports (% of merchandise imports),TM.VAL.AGRI.ZS.UN,3.678697855,3.187332495,3.198313713,2.949534926,2.546835594,2.249627014,1.976404601,1.79004751,1.751697811,1.57608596,1.589738552,1.749213106,1.77548372,1.577619463,1.571300869,1.519507558,1.629632685,1.58204759,1.410101021,1.366634995,1.247891233,1.129799177,1.092446861,1.014462218,
Kuwait,KWT,Agricultural raw materials imports (% of merchandise imports),TM.VAL.AGRI.ZS.UN,0.948413344,0.389546396,0.374896958,0.348572651,0.343806272,0.253449324,,0.827682639,0.697683236,0.621753791,,0.519641132,0.545102073,,0.52655912,0.595875629,0.538290929,0.496982212,0.494539773,0.504759324,0.546959123,0.48865804,0.592013205,0.598865841,
Lao PDR,LAO,Agricultural raw materials imports (% of merchandise imports),TM.VAL.AGRI.ZS.UN,,,,,,,,,,,,0.1766817,0.216054449,0.366072283,0.336694789,0.201649236,0.217458804,0.296841315,0.47176881,1.120616513,2.189939222,2.684781351,5.978310617,,
Lebanon,LBN,Agricultural raw materials imports (% of merchandise imports),TM.VAL.AGRI.ZS.UN,1.824916962,1.656624214,1.736712505,1.655249695,1.505950052,1.32436317,1.25723331,1.170678463,1.302227242,1.190986033,1.213754421,1.0948146,1.079758381,0.981052,0.974469138,1.172426581,1.19139292,1.132350409,0.141393628,1.111184023,0.913376308,0.871292726,1.008254146,1.068295426,
Liberia,LBR,Agricultural raw materials imports (% of merchandise imports),TM.VAL.AGRI.ZS.UN,,,,,,,,,,,,,,,,,,,,,,,,,
Libya,LBY,Agricultural raw materials imports (% of merchandise imports),TM.VAL.AGRI.ZS.UN,,,,,0.763695311,0.565126438,,,0.234266412,0.539161381,0.629277843,0.822895006,,,,,,0.649711328,0.520656064,0.341812613,0.439640366,,,,
St. Lucia,LCA,Agricultural raw materials imports (% of merchandise imports),TM.VAL.AGRI.ZS.UN,2.103742825,2.178355315,2.308396153,1.98739448,1.716418772,1.636519703,2.140342994,1.900628658,1.600415975,1.456483097,1.684048993,1.264112138,1.211056133,1.105886663,1.105518903,1.131710678,1.427550792,1.169322042,1.163119815,1.393944005,1.189773267,1.297103153,,,
Liechtenstein,LIE,Agricultural raw materials imports (% of merchandise imports),TM.VAL.AGRI.ZS.UN,,,,,,,,,,,,,,,,,,,,,,,,,
Sri Lanka,LKA,Agricultural raw materials imports (% of merchandise imports),TM.VAL.AGRI.ZS.UN,1.195044592,1.179308175,1.279827063,1.165501354,1.111954992,1.117354364,1.218042662,1.387318747,1.35869584,1.104596703,1.164983927,1.448544723,1.567276912,1.343244577,1.263452737,1.578662016,2.190263366,2.141112159,1.822190307,,1.879789135,2.160893197,2.328819122,2.169475251,
Lesotho,LSO,Agricultural raw materials imports (% of merchandise imports),TM.VAL.AGRI.ZS.UN,,0.850338387,0.951647961,0.815300416,0.782226799,0.857725747,,,,2.750524779,1.917863439,2.359958412,3.349779516,2.896034702,3.611206505,2.170929868,2.851136299,2.549047628,2.821566069,2.387236236,1.808669605,1.893804753,2.032885065,5.682256088,
Lithuania,LTU,Agricultural raw materials imports (% of merchandise imports),TM.VAL.AGRI.ZS.UN,3.064114742,2.993496367,2.86056997,2.679802237,2.455701195,2.457142687,2.279939569,1.959375772,2.016474403,1.502547073,1.70474687,1.714693303,1.746733052,1.700439064,1.878371887,2.072619706,2.262591441,2.558329617,2.42221612,2.501145391,2.541564893,2.65548843,2.747921837,2.173439589,
Luxembourg,LUX,Agricultural raw materials imports (% of merchandise imports),TM.VAL.AGRI.ZS.UN,1.135192884,1.134930454,0.99583161,1.136836811,1.218036363,1.200503103,1.061469133,1.246142364,1.210330512,1.021195451,1.622688508,1.096259137,3.27833102,2.706577068,2.255107153,1.933492452,1.966975024,2.03346514,2.178952543,2.034886556,1.813196787,1.434499966,1.943875543,1.861043853,
Latvia,LVA,Agricultural raw materials imports (% of merchandise imports),TM.VAL.AGRI.ZS.UN,2.022907414,2.016881443,1.801526966,2.070267964,2.747806279,3.483918721,2.676259389,2.078003533,2.781533111,1.555457363,1.36446145,1.491241826,1.283299387,1.394770651,1.603312991,2.177264359,2.418375971,2.560096964,2.414345337,3.016431682,2.9082977,3.169780748,3.966512835,2.791424373,
"Macao SAR, China",MAC,Agricultural raw materials imports (% of merchandise imports),TM.VAL.AGRI.ZS.UN,1.019110969,1.37257443,1.036684737,1.159487016,1.271711058,0.506296604,0.385656942,0.354935394,0.258819649,0.234496541,0.295099013,0.290012705,0.328893806,0.268444854,0.296896141,0.296738544,0.307718889,0.304262217,0.170236854,0.171273467,0.15243892,0.121957386,0.096991113,0.09559135,
St. Martin (French part),MAF,Agricultural raw materials imports (% of merchandise imports),TM.VAL.AGRI.ZS.UN,,,,,,,,,,,,,,,,,,,,,,,,,
Morocco,MAR,Agricultural raw materials imports (% of merchandise imports),TM.VAL.AGRI.ZS.UN,3.438908268,3.084586037,3.166845227,3.288297624,3.328314926,2.98787203,2.781987542,2.85015648,2.522486424,2.112375324,2.15098834,2.169780547,2.119704498,1.874723128,1.77343412,1.767254055,1.813443988,1.549926095,1.578534443,1.605075479,1.50370092,1.508408767,1.524365152,1.251195225,
Monaco,MCO,Agricultural raw materials imports (% of merchandise imports),TM.VAL.AGRI.ZS.UN,,,,,,,,,,,,,,,,,,,,,,,,,
Moldova,MDA,Agricultural raw materials imports (% of merchandise imports),TM.VAL.AGRI.ZS.UN,1.857123327,2.395769975,2.49344102,2.523517642,4.112289994,4.707882485,3.993994665,1.811539766,1.66528402,1.398186051,1.431712935,1.34044633,1.399377918,1.382461637,1.409396145,1.417767006,1.620845714,1.460142771,1.452191099,1.425826204,1.404108854,1.526007773,1.621119468,1.23485846,
Madagascar,MDG,Agricultural raw materials imports (% of merchandise imports),TM.VAL.AGRI.ZS.UN,0.579572742,0.340661525,0.651693273,0.170653911,0.424268449,0.738844814,0.364406362,0.98598997,1.005099054,0.623739921,0.616663204,0.965039279,1.090474397,2.162438429,2.659926782,3.006954163,3.46294902,3.432935551,2.966537023,2.886684775,3.272516687,3.007417804,2.463633288,1.921773707,
Maldives,MDV,Agricultural raw materials imports (% of merchandise imports),TM.VAL.AGRI.ZS.UN,2.363132634,1.830836499,2.225970817,1.894605016,2.234695714,2.911083251,3.551370745,3.384153367,3.716803278,3.16768448,2.103111903,2.21828397,1.598586778,1.994584435,1.792003524,1.847133028,2.761069083,2.368309417,2.664862547,2.554805207,2.172155904,,1.306097468,1.562037658,
Mexico,MEX,Agricultural raw materials imports (% of merchandise imports),TM.VAL.AGRI.ZS.UN,1.466811779,1.39579472,1.418373499,1.412166472,1.552133146,1.494346025,1.411290062,1.352739625,1.297289703,1.293046567,1.273277697,1.332875511,1.340286755,1.137338867,1.072483078,1.025002844,1.008826292,0.942381998,0.904098879,0.986190984,0.93102944,0.919058332,0.936457503,0.964297202,
Marshall Islands,MHL,Agricultural raw materials imports (% of merchandise imports),TM.VAL.AGRI.ZS.UN,,,,,,,,,,,,,,,,,,,,,,,,,
North Macedonia,MKD,Agricultural raw materials imports (% of merchandise imports),TM.VAL.AGRI.ZS.UN,2.198088519,1.833779785,1.840383178,1.62587495,1.596838034,1.478769874,1.313973901,1.213266046,0.993897254,0.884830498,1.202400649,1.053958599,0.980986523,0.886791111,0.910892716,0.854916086,0.934949974,0.868959319,0.864017459,0.796948524,0.728820565,0.804149906,0.680139321,0.625368797,
Mali,MLI,Agricultural raw materials imports (% of merchandise imports),TM.VAL.AGRI.ZS.UN,0.929438702,0.860237732,0.656527063,0.644035101,0.695384738,0.556499882,0.500011292,0.414812469,0.527405035,0.434807095,,0.453389326,0.466111734,0.472726179,,,,0.455216605,0.461125262,0.491533021,0.486899302,,,,
Malta,MLT,Agricultural raw materials imports (% of merchandise imports),TM.VAL.AGRI.ZS.UN,0.67703282,0.525642141,0.655315329,0.645369106,0.664659368,0.606874157,0.776442225,0.728754528,0.541578798,0.497450975,0.740576284,0.540339928,0.314440097,0.308779095,0.331739327,0.259262415,0.225942294,0.222271277,0.251282647,0.239886682,0.230040496,0.301990418,0.26379762,0.254542697,
Myanmar,MMR,Agricultural raw materials imports (% of merchandise imports),TM.VAL.AGRI.ZS.UN,,,0.284265467,,,,,,,,,0.372461432,0.220849347,1.086719196,0.297746231,0.219284785,0.164284106,0.353615057,0.487503275,0.559591019,0.533244903,0.387059818,0.310575916,0.42769862,
Montenegro,MNE,Agricultural raw materials imports (% of merchandise imports),TM.VAL.AGRI.ZS.UN,,,,,,,,0.667639162,0.659506199,0.46731178,0.697500885,0.759384024,0.701699285,0.768647219,0.770858737,0.798634611,0.68230572,0.594565218,0.533145038,0.498862756,0.733380302,0.689949118,0.644591285,0.470999635,
Mongolia,MNG,Agricultural raw materials imports (% of merchandise imports),TM.VAL.AGRI.ZS.UN,0.581613834,0.608235565,0.677377739,,0.615575072,0.515724896,0.447882241,0.37366432,0.293018089,,,,,,0.24920338,0.302893559,0.377221226,0.410541081,0.407872806,0.355062756,0.350867988,0.335453944,0.4397213,0.411465103,
Northern Mariana Islands,MNP,Agricultural raw materials imports (% of merchandise imports),TM.VAL.AGRI.ZS.UN,,,,,,,,,,,,,,,,,,,,,,,,,
Mozambique,MOZ,Agricultural raw materials imports (% of merchandise imports),TM.VAL.AGRI.ZS.UN,,1.294286451,0.669292172,0.819954992,1.107262816,1.200545778,0.972724135,0.953611014,0.876397407,1.01484811,1.200486582,1.01468587,0.84362477,0.914013688,0.927284753,1.288533594,1.261484931,1.529040163,1.631934852,1.454584095,1.301364842,1.376138062,1.281750179,0.712034628,
Mauritania,MRT,Agricultural raw materials imports (% of merchandise imports),TM.VAL.AGRI.ZS.UN,,0.362207303,0.576128156,0.432511113,0.723892976,0.260095584,0.241103061,0.612284629,0.490646346,0.526818677,0.475075546,0.499474625,0.474208524,0.411405978,0.29049895,0.297968843,0.195660204,0.323620597,0.196099004,0.358490124,0.230215092,0.280128327,0.198082292,0.315561355,
Mauritius,MUS,Agricultural raw materials imports (% of merchandise imports),TM.VAL.AGRI.ZS.UN,2.170445544,2.373977398,2.420995586,2.113860452,1.975206573,2.320920689,1.907031702,2.101432242,2.474079293,2.613477343,2.360392678,2.162104126,2.994750453,1.99203728,2.177020624,2.115807088,2.337717017,2.192611586,2.414473862,2.128458892,2.203806123,1.886415279,1.796897714,2.000946456,
Malawi,MWI,Agricultural raw materials imports (% of merchandise imports),TM.VAL.AGRI.ZS.UN,1.289782594,1.53114249,1.710902978,1.057815737,1.341263572,1.077112558,1.021607269,0.996190723,1.054447018,0.924985504,1.0064483,1.1122364,1.229136863,1.052474465,1.505129533,1.986571639,2.244688635,2.096702816,2.28225388,2.472835208,2.320119312,2.709063722,2.840941626,2.398466783,
Malaysia,MYS,Agricultural raw materials imports (% of merchandise imports),TM.VAL.AGRI.ZS.UN,1.432888395,1.333442521,1.306538937,1.116593305,1.127039602,1.192901298,1.196942263,1.268897316,1.441738379,1.532812877,1.940708382,1.986410526,2.463678858,2.503212183,2.116949037,1.736688658,1.733730618,1.717206663,1.995134624,1.761731857,1.88452414,2.085153996,2.497382953,1.550853214,
Namibia,NAM,Agricultural raw materials imports (% of merchandise imports),TM.VAL.AGRI.ZS.UN,,0.740621888,0.590632136,1.333357295,0.690568945,0.623901461,0.722733005,0.647487003,0.568059374,0.68835664,0.547378035,0.635126252,0.662131785,0.611272469,0.561408712,0.57966108,0.606411281,0.622044554,0.658824768,0.486698718,0.520597348,0.491171316,0.530113943,0.523680462,
New Caledonia,NCL,Agricultural raw materials imports (% of merchandise imports),TM.VAL.AGRI.ZS.UN,0.95085678,0.989326083,1.052627089,0.967686251,0.82090427,0.803174931,0.813008954,0.760166301,0.64304809,0.647513519,0.84297106,0.704408482,0.641628873,0.898120422,0.721263592,0.671572451,0.936614168,,,,,,,,
Niger,NER,Agricultural raw materials imports (% of merchandise imports),TM.VAL.AGRI.ZS.UN,2.982336343,3.779126824,3.357611283,3.013569732,4.326760163,2.958896576,4.019779353,4.494726325,4.71320883,4.707020989,3.269855145,2.129390438,2.630395488,2.769839084,2.563303143,1.427621343,1.023432639,1.227738361,1.161211032,0.93050302,1.140661877,0.979615035,1.172920504,0.709280735,
Nigeria,NGA,Agricultural raw materials imports (% of merchandise imports),TM.VAL.AGRI.ZS.UN,1.456164836,0.924607628,2.613243678,1.024340528,0.60488156,,,0.666261097,0.874917621,1.189652094,0.961601013,0.784061911,4.212581699,0.758004247,2.806849352,0.676908501,0.770747224,0.818804164,0.908826619,0.791532298,0.757917932,0.822980154,0.659088514,0.496408925,
Nicaragua,NIC,Agricultural raw materials imports (% of merchandise imports),TM.VAL.AGRI.ZS.UN,0.82017139,0.607695784,0.514125813,0.72654429,0.488281707,0.464747901,0.50494048,0.493085955,0.482300759,0.345024101,0.612234131,0.727491945,0.711719708,0.737337403,0.843812231,0.881501988,0.974634826,0.997900596,1.105447492,1.085280751,1.171347502,1.433692204,1.632303825,1.893544747,
Netherlands,NLD,Agricultural raw materials imports (% of merchandise imports),TM.VAL.AGRI.ZS.UN,2.034395407,1.772491355,1.589891717,1.708330798,1.677939812,1.571833619,1.498523463,1.462886009,1.488488936,1.38204899,1.446780788,1.458400683,1.728777343,1.555257843,1.486555471,1.531153549,1.643990062,1.690309137,1.634660291,1.659607321,1.587595277,1.730975832,1.71818618,1.392274774,
Norway,NOR,Agricultural raw materials imports (% of merchandise imports),TM.VAL.AGRI.ZS.UN,2.032972729,2.137778016,2.05645662,1.975862725,2.029155846,1.89685547,1.862771076,1.533034905,1.633817702,1.396564567,1.39328212,1.448963574,1.368966956,1.283247005,1.247898085,1.28965556,1.264631925,1.337973738,1.23986032,1.228298963,1.207490648,1.25613785,1.422186453,1.161331335,
Nepal,NPL,Agricultural raw materials imports (% of merchandise imports),TM.VAL.AGRI.ZS.UN,4.36020359,3.532353947,,,4.616464875,,,,,,1.867529748,1.815183886,2.209148186,1.326941836,1.910010993,1.491482415,1.759592279,1.629176604,1.377211637,1.243975238,1.246281269,1.174008192,1.170998189,1.292797665,
Nauru,NRU,Agricultural raw materials imports (% of merchandise imports),TM.VAL.AGRI.ZS.UN,,,,,,,,,,,,,,,,,,,,,,,,,
New Zealand,NZL,Agricultural raw materials imports (% of merchandise imports),TM.VAL.AGRI.ZS.UN,0.847894735,0.934111439,1.014816282,0.959532077,0.885553633,0.890302356,0.785640734,0.781938301,0.701945152,0.648388437,0.704765106,0.623351161,0.616814037,0.643127275,0.675342588,0.685766421,0.848069399,0.854510613,0.819633997,0.807601088,0.811176478,0.825805685,0.882172553,0.888151607,
Oman,OMN,Agricultural raw materials imports (% of merchandise imports),TM.VAL.AGRI.ZS.UN,0.768882471,0.6264989,0.654033133,0.611092403,0.007744669,0.461483088,0.498449216,0.566890714,0.51168427,0.523098626,0.570432932,0.633886227,0.504793994,0.542518998,0.403019751,0.527560694,0.539323266,0.457505641,0.451464995,0.441799157,0.405969923,0.42033722,0.454555289,0.497942816,
Pakistan,PAK,Agricultural raw materials imports (% of merchandise imports),TM.VAL.AGRI.ZS.UN,5.96675449,3.232843146,4.284810377,4.815678321,4.94067766,5.843099682,4.191612782,3.589429819,4.998835163,4.939304686,4.250631586,4.913479589,4.936614092,3.830395314,4.261712151,3.859041563,4.123555077,3.825212885,3.775898669,4.359260905,4.158298467,5.896540215,5.184309376,5.559372407,
Panama,PAN,Agricultural raw materials imports (% of merchandise imports),TM.VAL.AGRI.ZS.UN,0.427209825,0.478120171,0.510714793,0.540746636,0.583237052,0.561032785,0.523024732,0.231979077,0.226071286,0.215633036,0.234111025,0.235122752,0.193825684,0.171932713,0.174772513,0.181370181,0.186436913,0.204349226,0.228202099,0.207537993,0.184365788,0.220444074,0.370501152,0.325760594,
Peru,PER,Agricultural raw materials imports (% of merchandise imports),TM.VAL.AGRI.ZS.UN,2.110032081,1.80644243,1.880394282,1.842318019,1.842427266,1.955009032,1.77877402,1.504928985,1.610565965,1.441723425,1.368526398,1.668971341,1.730512823,1.370348342,1.250264451,1.239178816,1.202650244,1.117119811,1.282948843,1.350593986,1.222783069,1.209442492,1.192871878,1.23755025,
Philippines,PHL,Agricultural raw materials imports (% of merchandise imports),TM.VAL.AGRI.ZS.UN,1.622629951,1.365902138,1.186752389,0.9915093,0.950505457,0.916895011,0.866396443,0.78573072,0.746832293,0.717426335,0.683762337,0.637989623,0.725914709,0.64463652,0.66077777,0.627714434,0.624281821,0.683389192,0.525904742,0.663464435,0.677698048,0.602637147,0.781106567,0.734349741,
Palau,PLW,Agricultural raw materials imports (% of merchandise imports),TM.VAL.AGRI.ZS.UN,,,,,,,,,0.881797879,0.967436349,1.308191807,0.804414452,0.896153916,0.75317606,0.949651754,0.80998978,0.802154892,1.129315031,1.030090267,1.69551005,,,,,
Papua New Guinea,PNG,Agricultural raw materials imports (% of merchandise imports),TM.VAL.AGRI.ZS.UN,,0.710628453,0.587883064,0.68253109,0.71221586,0.647783417,,,,,,,0.421868582,0.406522858,,,,,,,0.488243167,0.714832528,0.586683575,,
Poland,POL,Agricultural raw materials imports (% of merchandise imports),TM.VAL.AGRI.ZS.UN,1.814386221,1.98626628,1.968067746,1.923040989,1.918632282,1.911980705,1.848029447,1.675401119,1.651651912,1.586577784,1.639855396,1.750000389,1.948951261,1.873909842,1.811341571,1.752422364,1.657810872,1.624505516,1.536026704,1.603569364,1.392983691,1.410576656,1.425636187,1.498702371,
Puerto Rico,PRI,Agricultural raw materials imports (% of merchandise imports),TM.VAL.AGRI.ZS.UN,,,,,,,,,,,,,,,,,,,,,,,,,
"Korea, Dem. People's Rep.",PRK,Agricultural raw materials imports (% of merchandise imports),TM.VAL.AGRI.ZS.UN,,,,,,,,,,,,,,,,,,,,,,,,,
Portugal,PRT,Agricultural raw materials imports (% of merchandise imports),TM.VAL.AGRI.ZS.UN,2.580889988,2.566156489,2.380362634,2.275972972,2.178843624,1.594173928,1.628044287,1.61083144,1.693690869,1.585023406,1.483530059,1.79255418,1.994199175,1.805335832,1.92400873,1.844669126,1.841895592,1.935175127,1.853140891,1.789699563,1.696013365,1.644089833,1.779191269,1.828691059,
Paraguay,PRY,Agricultural raw materials imports (% of merchandise imports),TM.VAL.AGRI.ZS.UN,0.399534385,0.509439444,0.852540693,1.070124431,0.982158399,0.790686711,0.784443106,0.544279378,0.702357032,0.599442991,0.732945107,0.601665445,0.703330206,0.672229324,0.636437947,0.84031183,0.905698735,0.826634083,0.727932505,0.720031912,0.732372072,0.96995359,0.801396126,0.647696842,
West Bank and Gaza,PSE,Agricultural raw materials imports (% of merchandise imports),TM.VAL.AGRI.ZS.UN,,1.354915669,0.925972769,0.989157685,1.042124339,0.851797659,1.145113548,0.674838173,0.428225797,0.427108676,0.424248502,0.450072212,0.451266083,0.439688439,0.44248857,0.402628197,0.566137016,0.575909228,0.491901712,0.434873273,0.543970961,0.617654683,0.625720199,,
French Polynesia,PYF,Agricultural raw materials imports (% of merchandise imports),TM.VAL.AGRI.ZS.UN,1.891882525,1.857057135,1.836053221,1.409141061,1.294875924,1.65333424,1.347671081,1.654287317,1.497304174,1.139481103,1.048060623,1.191759433,1.077676482,1.043650935,1.015991096,1.05309751,1.160677495,1.285923604,1.343989703,1.042798642,1.256642592,1.512524665,1.822533739,1.765645754,
Qatar,QAT,Agricultural raw materials imports (% of merchandise imports),TM.VAL.AGRI.ZS.UN,0.714833643,0.640668877,0.649577196,0.786514204,0.620728429,0.474902653,0.722541672,0.574576433,0.535980909,0.50151601,,0.502011553,,0.4856731,0.463726194,0.534729325,0.448641718,0.48136594,0.48816512,0.478750763,0.458269032,0.421352683,0.507682112,0.616706552,
Romania,ROU,Agricultural raw materials imports (% of merchandise imports),TM.VAL.AGRI.ZS.UN,1.406755723,1.398330643,1.305144108,1.285287796,1.207138219,1.103997937,1.04055403,1.072965415,0.984005462,1.003214579,1.223613273,1.369452355,1.597091606,1.749330592,1.684095538,1.627157171,1.583415076,1.689709374,1.703393944,1.723358848,1.560170276,1.450211039,1.593870865,1.546039745,
Russian Federation,RUS,Agricultural raw materials imports (% of merchandise imports),TM.VAL.AGRI.ZS.UN,1.395577983,2.089880787,1.602896616,1.322929185,1.216548899,1.139415844,0.996454098,0.903499825,0.850995943,0.787532274,1.044121965,0.982429163,0.942221665,0.946213278,0.941807176,0.912990033,1.195991375,1.115364727,0.970397582,1.011926347,0.936891151,0.920115474,0.974176702,,
Rwanda,RWA,Agricultural raw materials imports (% of merchandise imports),TM.VAL.AGRI.ZS.UN,3.671140212,,2.971032872,3.56817137,4.025033675,3.731502481,2.400021251,18.48257553,1.980172768,2.344127306,1.67976856,1.365198227,1.298640166,1.488777888,1.634979945,1.35783054,1.624285754,1.454152353,0.838720411,0.807843488,0.793530495,0.775770632,0.896812786,0.88681748,
Saudi Arabia,SAU,Agricultural raw materials imports (% of merchandise imports),TM.VAL.AGRI.ZS.UN,0.852349678,0.941293632,0.952833648,0.938574457,0.852717984,0.757710939,0.689612738,0.64656559,0.67348888,0.677178857,0.671720277,0.928790911,0.844298565,0.770322018,0.714873889,0.687088824,0.70990443,0.729775625,0.710490401,0.735120513,0.761273864,0.853366483,0.780245337,,
Sudan,SDN,Agricultural raw materials imports (% of merchandise imports),TM.VAL.AGRI.ZS.UN,0.740531578,1.00444047,1.011188896,0.94393915,0.868142005,0.662316278,0.676630294,0.42259514,0.354883182,0.352121964,1.11069591,0.739548962,0.412995447,,,,,,,,,,,,
Senegal,SEN,Agricultural raw materials imports (% of merchandise imports),TM.VAL.AGRI.ZS.UN,2.314808435,2.072884354,1.937115214,1.87220449,1.761443704,1.961132079,1.62625595,1.607071592,1.457435465,1.294374147,1.525008139,1.517074048,1.604596341,1.521897315,1.485305111,1.489182672,1.752098007,1.839767351,1.562211788,1.501195592,1.555382563,1.473125672,1.412339823,1.481145681,
Singapore,SGP,Agricultural raw materials imports (% of merchandise imports),TM.VAL.AGRI.ZS.UN,0.48955543,0.398086738,0.379174658,0.410404288,0.463685105,0.40872797,0.377377204,0.365827748,0.347206373,0.314115448,0.296785611,0.341049218,0.381398635,0.361432616,0.352476758,0.337572584,0.438177817,0.462618421,0.403890306,0.395533856,0.321601069,0.320663349,0.256764547,0.20630917,
Solomon Islands,SLB,Agricultural raw materials imports (% of merchandise imports),TM.VAL.AGRI.ZS.UN,,,,0.677084165,0.443831082,0.543039695,0.702026138,0.557442138,0.500061081,0.339946534,0.40603047,0.624001176,0.691506478,0.70106205,0.64040055,0.788574696,0.661804835,0.932771645,0.748815575,0.690509845,,,,,
Sierra Leone,SLE,Agricultural raw materials imports (% of merchandise imports),TM.VAL.AGRI.ZS.UN,,3.616928566,,7.556419137,,,,,,,,,,,,0.558707687,0.836546598,4.300067062,1.476515818,1.647131281,,,,,
El Salvador,SLV,Agricultural raw materials imports (% of merchandise imports),TM.VAL.AGRI.ZS.UN,2.311756016,1.56944809,1.892513727,1.624671736,1.601335591,1.462334302,1.338272641,1.401550775,1.438505364,1.55865943,1.676460795,1.966871002,2.234992452,2.002477654,1.775163272,1.883226962,1.910148716,1.997848908,2.070259866,2.164035637,2.160027158,1.898513158,1.979268721,2.174982636,
San Marino,SMR,Agricultural raw materials imports (% of merchandise imports),TM.VAL.AGRI.ZS.UN,,,,,,,,,,,,,,,,,,,,,,,,,
Somalia,SOM,Agricultural raw materials imports (% of merchandise imports),TM.VAL.AGRI.ZS.UN,,,,,,,,,,,,,,,,,,,,,,,,,
Serbia,SRB,Agricultural raw materials imports (% of merchandise imports),TM.VAL.AGRI.ZS.UN,3.885792062,3.569562225,2.446161656,2.033901114,,1.491076019,1.484974226,1.496720238,1.576872881,,,,,,,,,,,,,,,,
South Sudan,SSD,Agricultural raw materials imports (% of merchandise imports),TM.VAL.AGRI.ZS.UN,,,,,,,,,,,,,,,,,,,,,,,,,
Sao Tome and Principe,STP,Agricultural raw materials imports (% of merchandise imports),TM.VAL.AGRI.ZS.UN,0.193815337,0.408045716,0.336830046,0.789618329,0.957811915,1.085927746,0.864944857,0.78222669,0.509583125,0.463794664,0.855731889,0.774752019,0.856896074,0.804344119,0.866504872,0.80569924,0.696890518,1.606286703,1.630838399,1.123055557,1.568646253,1.422926311,1.699022632,1.275056411,
Suriname,SUR,Agricultural raw materials imports (% of merchandise imports),TM.VAL.AGRI.ZS.UN,0.22281974,0.036988663,0.053739162,0.097716244,0.075508648,0.050992012,0.039673643,0.03357543,0.027569915,0.022680345,0.100683707,0.09125383,0.071072457,0.065475641,0.05548998,0.085902775,0.091153235,0.299649419,0.103452352,0.094338002,0.114141714,0.091451244,0.11407521,0.100949634,
Slovak Republic,SVK,Agricultural raw materials imports (% of merchandise imports),TM.VAL.AGRI.ZS.UN,1.753277356,1.845478018,1.633702073,1.611380876,1.514181836,1.37642693,1.272853261,1.151181557,1.191389613,1.033961335,1.141168179,1.407159419,1.49204381,1.440934427,1.405017217,1.104502282,1.018972776,0.974751841,1.073261463,1.052077753,1.076174777,1.055732731,1.207548854,1.218703538,
Slovenia,SVN,Agricultural raw materials imports (% of merchandise imports),TM.VAL.AGRI.ZS.UN,3.108992993,3.644478413,3.212199446,3.135823259,3.052417359,2.838960197,2.620436264,2.472302864,2.881313013,2.616684637,2.867482864,3.159562872,3.021817037,2.996588962,3.070648781,2.942723371,2.859182818,2.723460845,2.447674546,2.503415815,2.158376724,2.063272431,1.867125537,1.656370508,
Sweden,SWE,Agricultural raw materials imports (% of merchandise imports),TM.VAL.AGRI.ZS.UN,1.034091671,1.909263455,1.831978795,1.906267207,1.823019702,1.727651793,1.599202709,1.405823462,1.524134707,1.455553438,1.35737043,1.425223266,1.433668339,1.389694237,1.399121421,1.344012392,1.209730959,1.202498781,1.154138777,1.327055851,1.265738002,1.182577407,1.044234959,1.096692885,
Eswatini,SWZ,Agricultural raw materials imports (% of merchandise imports),TM.VAL.AGRI.ZS.UN,,2.312862558,2.713442929,2.236461034,1.878144716,1.216463912,0.943477385,0.896670169,0.993429697,1.332398804,0.839867746,0.739429595,0.578601252,0.825166688,1.197880721,1.95823815,2.234254364,1.630135399,1.560338549,1.29139464,1.298829188,1.446656941,1.825259651,,
Sint Maarten (Dutch part),SXM,Agricultural raw materials imports (% of merchandise imports),TM.VAL.AGRI.ZS.UN,,,,,,,,,,,,,,,,,,,,,,,,,
Seychelles,SYC,Agricultural raw materials imports (% of merchandise imports),TM.VAL.AGRI.ZS.UN,1.105375876,1.037832877,0.749307082,1.088265217,1.446885344,0.661136574,1.055531893,1.387043006,1.270221719,2.289858139,2.834491417,1.10460678,0.754690782,1.275150629,1.051193837,0.946923899,1.165250153,0.780871437,0.317452135,0.624103741,0.919257991,0.593546563,0.453747095,,
Syrian Arab Republic,SYR,Agricultural raw materials imports (% of merchandise imports),TM.VAL.AGRI.ZS.UN,,3.256802373,2.310965355,3.729145351,4.199743739,3.931716013,3.984455876,2.528457708,2.23827142,2.660479461,2.839710027,2.341490522,,,,,,,,,,,,,
Turks and Caicos Islands,TCA,Agricultural raw materials imports (% of merchandise imports),TM.VAL.AGRI.ZS.UN,3.108845904,1.77384287,0.909354966,0.742437936,1.520947798,2.144225329,2.819455054,2.606911304,2.154741044,2.231884848,1.902307518,,1.358294531,1.206015836,,,,,,,,,,,
Chad,TCD,Agricultural raw materials imports (% of merchandise imports),TM.VAL.AGRI.ZS.UN,,,,,,,,,,,,,,,,,,,,,,,,,
Togo,TGO,Agricultural raw materials imports (% of merchandise imports),TM.VAL.AGRI.ZS.UN,1.22525367,1.708929149,1.270469233,1.19398157,0.690686928,0.835452584,0.755709167,,1.13403943,0.973265259,1.280068938,1.38674667,1.236062076,1.10715251,0.842023347,1.201942797,1.125873475,1.194770128,1.48769836,1.63198303,1.610943767,1.348214861,1.48035777,1.329091472,
Thailand,THA,Agricultural raw materials imports (% of merchandise imports),TM.VAL.AGRI.ZS.UN,2.899128335,2.953160593,2.849378906,2.762485412,2.689074516,2.365624387,2.071377283,1.867970334,1.792153152,1.804275545,1.710169093,1.875414939,1.920914828,1.713652395,1.523071631,1.618594134,1.630416528,1.640667355,1.687667119,1.550367641,1.521008813,1.345057675,1.68419811,1.44183237,
Tajikistan,TJK,Agricultural raw materials imports (% of merchandise imports),TM.VAL.AGRI.ZS.UN,,0.702366274,,,,,,,,,,,,,,,,3.00078336,3.281240898,2.463814702,2.583429359,3.246102509,2.715715228,3.06698578,
Turkmenistan,TKM,Agricultural raw materials imports (% of merchandise imports),TM.VAL.AGRI.ZS.UN,0.425790358,0.392681969,,,,,,,,,,,,,,,,,,,,,,,
Timor-Leste,TLS,Agricultural raw materials imports (% of merchandise imports),TM.VAL.AGRI.ZS.UN,,,,,,0.442957764,1.099087077,,,,,,,,6.261782295,,,,1.812974732,1.583270259,0.9516866,1.279509923,1.352331667,0.93944645,
Tonga,TON,Agricultural raw materials imports (% of merchandise imports),TM.VAL.AGRI.ZS.UN,,0.495600859,0.326471557,0.275647054,0.361448594,0.066261101,0.46679671,0.095809035,0.041256071,1.852789428,1.581782261,2.188160486,1.450301776,1.528764006,1.377602683,2.136490942,,,,,,,,,
Trinidad and Tobago,TTO,Agricultural raw materials imports (% of merchandise imports),TM.VAL.AGRI.ZS.UN,1.154745206,1.012941581,0.731163396,0.864639845,0.70662825,0.559135884,0.562456552,0.619290231,0.58245513,0.488822137,0.575158868,0.653807386,0.428531157,0.477353813,0.41453149,0.561438152,0.593374966,0.624779481,0.711015704,0.741498406,0.847631,0.67537849,0.620072914,0.743351071,
Tunisia,TUN,Agricultural raw materials imports (% of merchandise imports),TM.VAL.AGRI.ZS.UN,2.842441396,3.054098451,2.848371536,2.852717891,2.786249678,2.767623264,2.633733748,2.281553928,2.224104064,1.910026294,2.036641754,2.14142378,2.010199191,1.96000759,1.777548967,1.863422422,1.941755291,2.01425883,1.785195177,1.772492158,1.583961668,1.519532592,1.564791616,1.543623212,
Turkiye,TUR,Agricultural raw materials imports (% of merchandise imports),TM.VAL.AGRI.ZS.UN,3.34298815,3.703912175,3.846410813,4.053054448,3.566979738,3.043798999,2.736927836,2.72250533,2.731509289,2.245350324,2.499901508,2.946423946,2.873930013,2.515379045,2.396661398,2.471051681,2.484874961,2.501088082,2.550716091,2.553661573,2.579144528,2.26954703,2.59657595,2.561039533,
Tuvalu,TUV,Agricultural raw materials imports (% of merchandise imports),TM.VAL.AGRI.ZS.UN,3.592545319,,3.219484731,3.661332974,,1.792517681,1.579484092,0.940229699,,1.10138449,,,,,,,,,,,,,,,
Tanzania,TZA,Agricultural raw materials imports (% of merchandise imports),TM.VAL.AGRI.ZS.UN,2.172713319,2.684460492,2.246577737,2.505554266,1.879900428,1.653157724,1.119384491,0.800134248,0.765942399,0.767573575,0.877010343,0.858445787,0.752364298,0.810538342,0.692449946,1.044070231,0.688643325,1.269201966,1.078395765,1.371540563,1.584028614,1.711910945,1.467870666,1.092445173,
Uganda,UGA,Agricultural raw materials imports (% of merchandise imports),TM.VAL.AGRI.ZS.UN,2.482500412,2.118245108,2.471945738,2.563843566,2.005050063,1.897475677,1.591438423,1.363923502,1.012990354,1.026223696,1.014897156,1.066828862,1.056769965,1.118096456,1.360115705,1.539591536,1.70745981,2.00049669,1.718894663,1.858023135,1.807128521,1.487401586,1.569108909,,
Ukraine,UKR,Agricultural raw materials imports (% of merchandise imports),TM.VAL.AGRI.ZS.UN,1.672298603,1.504204149,1.533532926,1.320514433,1.331865347,1.351712988,1.324078791,1.166538405,1.019274452,0.89068308,1.088153506,1.084869101,0.991038709,0.958365354,0.9889106,1.094163827,1.139941951,1.243396023,1.180024029,1.064519951,0.971305912,1.054353573,1.017780109,0.903907492,
Uruguay,URY,Agricultural raw materials imports (% of merchandise imports),TM.VAL.AGRI.ZS.UN,2.642371436,2.612340764,3.24244539,4.287106197,4.790951147,4.030022041,3.09491614,2.879317803,2.716242721,1.972953689,2.108438573,2.50661212,2.352439028,1.845334675,2.127613318,1.599111937,1.800217598,1.725520819,1.607581723,1.767770183,1.669643692,1.14944488,0.970605721,0.896466384,
United States,USA,Agricultural raw materials imports (% of merchandise imports),TM.VAL.AGRI.ZS.UN,1.652341975,1.37772194,1.350547668,1.359664413,1.267710425,1.402396948,1.32039098,1.217541165,1.085678753,0.957339085,0.856812891,0.971409193,1.021356116,1.034920173,0.984262381,0.985790426,0.94205644,0.962351172,0.965683564,0.930461508,0.872679166,0.960925857,1.157299141,1.067377202,
Uzbekistan,UZB,Agricultural raw materials imports (% of merchandise imports),TM.VAL.AGRI.ZS.UN,,,,,,,,,,,,,,,,,,,3.237820531,2.886874641,2.057784841,2.355396659,2.085881912,2.426827513,
St. Vincent and the Grenadines,VCT,Agricultural raw materials imports (% of merchandise imports),TM.VAL.AGRI.ZS.UN,2.563987988,2.447656712,2.321057611,2.865990727,1.953075331,2.881532202,2.357645404,2.344280108,2.314448133,2.105243915,1.772543356,1.867842994,1.305608987,1.431778368,1.507432262,1.43325095,1.671395819,1.88865295,1.75504053,1.686939275,1.921252211,1.882819972,1.908245807,,
"Venezuela, RB",VEN,Agricultural raw materials imports (% of merchandise imports),TM.VAL.AGRI.ZS.UN,1.558045069,1.82433885,1.307299864,1.410130522,2.028210465,1.746666549,1.093596562,0.922155522,0.748366313,1.301413467,0.952970191,1.185393604,1.259708875,1.050115346,0.848996357,,,,,,,,,,
British Virgin Islands,VGB,Agricultural raw materials imports (% of merchandise imports),TM.VAL.AGRI.ZS.UN,,,,,,,,,,,,,,,,,,,,,,,,,
Virgin Islands (U.S.),VIR,Agricultural raw materials imports (% of merchandise imports),TM.VAL.AGRI.ZS.UN,,,,,,,,,,,,,,,,,,,,,,,,,
Viet Nam,VNM,Agricultural raw materials imports (% of merchandise imports),TM.VAL.AGRI.ZS.UN,2.935397488,2.909571741,3.361973111,3.11846427,3.184728884,3.72135681,3.682959134,3.821462724,3.09284582,3.074714004,2.971050175,3.519629795,3.879137282,3.311506901,3.290193571,3.553552195,3.192169964,2.862361932,3.10946175,3.059953976,2.734460521,2.476284916,2.923452409,3.022817337,
Vanuatu,VUT,Agricultural raw materials imports (% of merchandise imports),TM.VAL.AGRI.ZS.UN,,0.964924484,,,,,,0.890994917,0.823049921,,0.938698109,1.343889484,1.254894325,,,,,,,,,,,,
Samoa,WSM,Agricultural raw materials imports (% of merchandise imports),TM.VAL.AGRI.ZS.UN,,,1.418647997,1.396582364,1.512273385,1.716848514,2.094130568,1.777570333,2.234305883,1.806240934,2.172826317,2.309999155,2.278766885,2.489905299,2.740864773,2.482729586,1.994811011,2.148858581,2.500013722,2.691844955,2.554744938,,3.31234381,,
"Yemen, Rep.",YEM,Agricultural raw materials imports (% of merchandise imports),TM.VAL.AGRI.ZS.UN,,,1.658059967,1.351025136,1.440812002,1.120061912,0.872391321,0.663697415,0.681157161,0.650266873,0.834523506,0.817928473,0.715399177,0.640876973,0.888951627,1.371524239,0.90420256,,,0.463617324,0.576345903,,,,
South Africa,ZAF,Agricultural raw materials imports (% of merchandise imports),TM.VAL.AGRI.ZS.UN,1.496221738,1.478690038,1.354337836,1.470364859,1.399346053,1.272283787,1.084376228,0.987432094,0.95130548,0.888928316,0.889426286,0.983183582,1.033084451,0.913654301,0.871436593,0.879215291,0.931559251,1.000100719,1.000785876,1.013267728,0.978614592,1.065053571,1.063121193,0.983130675,
Zambia,ZMB,Agricultural raw materials imports (% of merchandise imports),TM.VAL.AGRI.ZS.UN,3.222512248,2.481699159,1.983271991,1.530787405,1.266159697,1.091445358,1.280491139,0.696093746,0.426353047,0.438692616,0.686469835,0.572257178,0.551430583,0.547792213,0.528701136,0.44199383,0.511155165,0.678190069,0.504075988,0.513400957,0.722763736,0.724515665,0.741853912,1.202744215,
Zimbabwe,ZWE,Agricultural raw materials imports (% of merchandise imports),TM.VAL.AGRI.ZS.UN,1.668859921,2.802690573,1.899494482,1.248638722,0.782560801,1.434017614,1.170834857,1.025524963,4.153998943,0.484371639,0.22083125,0.336348869,0.305315009,0.393190245,0.39805315,0.382294678,0.372486812,0.326427657,0.442866568,0.503378979,0.37522675,0.537001715,0.307342556,0.287118188,
